col_add_time,heuristic_hit_rate,master_ip_time,master_num_cuts,master_time,mster_cuts_time,name,num_improving_iter,preprocessing_time,sp_cols_added_heuristic,sp_cols_added_ip,sp_time_heuristic,sp_time_ip,test_accuracy,total_iterations,train_accuracy,training_time
0.0,0.0,0.0,0,0.0,0.0,CART,0,0.0,0,0,0.0,0.0,0.7708333333333334,0,0.8559498956158664,0.0025777816772460938
0.21148419380187988,0.04771604938271605,0.08239006996154785,200,2.656018018722534,0.031330108642578125,CG1,93,2.748650074005127,773,27,0.8120954036712646,3.248617649078369,0.775,163,0.8643006263048016,7.431114912033081
